Name,ColorCode,Gradient,RequiredExpLevel,RequiredTotalTrophies,RequiredSeasonPoints,RequiredHero,SortOrder
String,String,String,int,int,int,String,int
default,0xffffffff,,,,,,0
1,0xff4ddba2,,,,,,2
2,0xffffce89,,,,,,7
3,0xfff9c908,,,,,,6
4,0xffff9727,,,,,,3
5,0xfff9775d,,,,,,4
6,0xfff05637,,,,,,5
7,0xffff8afb,,,,,,10
8,0xffa2e3fe,,,,,,1
9,0xff1ba5f5,,,,,,9
10,0xffcb5aff,,,,,,11
11,0xffa8e132,,,,,,8
12,0xffa8e132,Premium1,,,,,12
13,0xffa8e132,Premium2,,,,,13
14,0xffa8e132,Premium3,,,,,14
15,0xffa8e132,Premium4,,,,,15
